index,card_provider,cardholder,card_number,cvv,expiry
0,American Express,Andrew Reid,4917670058364021,4769,04/27
1,JCB 15 digit,Melissa Jacobs,3593860535820595,630,07/28
2,JCB 16 digit,Sarah Williams,562248044900,037,10/34
3,Maestro,Stephen Johnson,374576805958052,345,11/27
4,American Express,Christina Coleman,2290792086516108,652,02/35
5,JCB 16 digit,Justin Benson,6011146359451379,0859,10/32
6,VISA 13 digit,Wayne Harper,3537836028694175,834,05/29
7,VISA 13 digit,James Rasmussen,4065997087724077,070,08/28
8,Maestro,Kathryn Simon,345096164076939,610,12/32
9,JCB 16 digit,Brandon Medina,4187512758422670,803,03/33
10,VISA 16 digit,Christina Fernandez,5588507459096841,651,03/34
11,Mastercard,Rebecca Newton,4537792984670154,501,11/34
12,Maestro,William Gilmore,3551291427173705,056,06/30
13,Mastercard,Ethan Johnston,4835862729485686,168,07/28
14,American Express,Daniel Rose,4900862645341292932,318,01/34
15,American Express,Heather Webb,4615317623818,217,08/31
16,Discover,Frank Price,4724869865533157,692,03/27
17,JCB 15 digit,Steven Griffin MD,2710244391178200,830,03/28
18,JCB 16 digit,Robin George,4891515606554,774,12/29
19,Discover,Jason Edwards,3513180016513792,3901,11/28
20,JCB 16 digit,Jessica Johnson,38871503111411,059,07/34
21,JCB 16 digit,Brian Pierce,4894962443009023227,6261,04/31
22,Mastercard,Tina Jones,2590659559387217,753,07/32
23,JCB 15 digit,Joshua Black,2241966951080974,220,10/27
24,JCB 16 digit,Kenneth Diaz,4500895662058460,972,08/33
25,VISA 16 digit,Lindsay Lyons,180087886498186,020,08/28
26,VISA 16 digit,Jose Buck MD,30155755770126,7405,05/29
27,JCB 15 digit,James Williams,343531025746926,4170,06/28
28,VISA 16 digit,Micheal Miller,582928742854,749,11/31
29,Diners Club / Carte Blanche,James Gray,2282215473465317,718,08/33
30,JCB 16 digit,Robert Wilson,5471525379765972,940,12/27
31,VISA 13 digit,Cheyenne Jordan,4576130703285339,569,07/32
32,JCB 15 digit,Leslie Carr,6597491277061211,220,12/31
33,Discover,Roger Duncan,213174929905756,957,05/26
34,American Express,Heather Jones,3558003160164251,456,07/33
35,JCB 16 digit,Brian Ford,4433839840369,137,06/35
36,JCB 16 digit,Nicole Rhodes,342460397583926,955,03/29
37,VISA 16 digit,Gary Krueger,374301320677446,926,09/29
38,Maestro,Stephanie Booth,568783944321,778,01/32
39,JCB 16 digit,Brittany Payne,4939651018308138,745,02/31
40,Mastercard,Leslie Carter,6011043925418190,148,06/31
41,American Express,Nathan Gilmore,341009470563882,668,01/29
42,VISA 16 digit,Alec Crawford,3544384998484245,992,05/30
43,VISA 16 digit,Donald Oneill,5229251078824151,589,01/29
44,VISA 16 digit,Stephanie Larsen,3512787968320363,016,11/27
45,JCB 16 digit,Aaron Cross,4295266994202722,852,05/28
46,Maestro,Jeremy Williams,3529320242691796,441,12/31
47,VISA 13 digit,Tammy Tucker,4733781645785,386,06/29
48,VISA 13 digit,Sheryl Jackson,2566192723037294,621,09/30
49,Discover,Helen Taylor,3507688965813565,903,04/27
50,VISA 16 digit,Donald Gonzalez,6011173586411547,664,12/30
51,JCB 16 digit,Sara Gilmore,30352886501203,591,08/34
52,American Express,Sharon Kelly,377625070244529,831,11/33
53,VISA 19 digit,Kimberly Walker,580468721114,511,02/28
54,VISA 13 digit,Judy Weiss,4883521372664705,436,04/27
55,VISA 16 digit,Adam Munoz,630458447665,3554,09/35
56,Discover,Erika Perkins,4506909733918869,944,10/26
57,Mastercard,Crystal Jones,4833891959868,045,03/34
58,VISA 13 digit,Taylor Mcpherson,4895573988617375,438,06/28
59,Maestro,Cassidy Alvarado,6011085552783495,820,02/31
60,American Express,Jennifer Brown,4392861456060278586,852,09/27
61,VISA 19 digit,Jennifer Kennedy,2652998932700927,807,05/32
62,VISA 16 digit,Richard Golden,4756011528773864871,736,08/31
63,JCB 15 digit,Matthew Cordova,4590589627948,147,03/28
64,JCB 16 digit,Mr. David Cross,345784158310535,394,08/29
65,VISA 13 digit,Sarah Boyle,2277979180694397,038,03/30
66,Discover,Samuel Duffy,6582773324657506,139,12/27
67,Mastercard,Robert Mcdonald,379542366940116,482,01/28
68,VISA 16 digit,Tiffany Livingston,6011461442884340,189,12/30
69,VISA 13 digit,Mrs. Margaret Bryant,3525454477035736,616,01/30
70,JCB 15 digit,Marc Acevedo,4363882423061401,858,11/29
71,Discover,David Trujillo,213186834823387,2467,04/27
72,VISA 16 digit,Leslie Garcia,3529020437976651,9270,04/35
73,VISA 16 digit,Tanner Gibbs,4414415082499213,025,03/26
74,VISA 16 digit,Brett Collins,180022120501297,519,07/27
75,JCB 15 digit,Kathryn Velazquez,3543092620282173,080,07/26
76,JCB 16 digit,Renee Dodson,4585801662937011082,185,08/30
77,JCB 16 digit,Nancy Payne,180026032707918,139,11/30
78,Mastercard,Amy Williams,3559789363036184,868,07/34
79,Diners Club / Carte Blanche,Amy Parrish,180003668000728,522,07/27
80,JCB 16 digit,Albert Carson,3530082776872401,296,02/34
81,Diners Club / Carte Blanche,Stephanie Hickman,346005315416141,187,11/35
82,VISA 16 digit,Allison Wilson,4440629968715447,752,09/34
83,VISA 16 digit,Kristie Hunter,30561686133922,693,05/27
84,Mastercard,Nicole Castro,4628632708041572502,019,05/34
85,Diners Club / Carte Blanche,Thomas Reese,30095813677196,210,03/34
86,VISA 13 digit,Alexander Williams,3592855954853532,920,01/31
87,VISA 19 digit,Toni Morgan,30560077149224,361,12/33
88,VISA 16 digit,Mary Franco,6011154527606627,963,06/29
89,JCB 16 digit,Melanie Moore,4308961113118,702,03/30
90,VISA 16 digit,Joshua Fletcher,3514625152322589,672,09/35
91,American Express,Michelle Martinez,3553593849760318,681,01/32
92,Maestro,David Bond,4366067239294,7389,01/33
93,VISA 13 digit,Paul Smith,4635496012641,887,03/35
94,Diners Club / Carte Blanche,Russell Hoffman,4886318683656182,433,03/29
95,Diners Club / Carte Blanche,Gloria Robinson,675971612360,453,01/28
96,JCB 15 digit,Deborah Vincent,4046643746065122,126,02/31
97,VISA 19 digit,Patricia Orr,4224431147758790,166,06/29
98,Mastercard,Caroline Mckinney,3504441494885602,575,04/33
99,Discover,Shawn Harris,2240771653164170,898,09/32
100,Mastercard,Rhonda Smith,4658115349954035,408,07/35
101,JCB 16 digit,Jennifer Boone,4558727096980204740,261,01/33
102,JCB 15 digit,Leslie Craig,4390038948924,1032,07/29
103,VISA 16 digit,Paula Bishop,4867697796848254,959,05/30
104,Diners Club / Carte Blanche,Mr. Joshua Figueroa,4415609975521849,234,07/29
105,Discover,William Russell,3553878848304501,865,02/28
106,Discover,Jerry Leach,3594893028468399,604,08/35
107,JCB 15 digit,Jill Smith,4480337138867659684,429,04/29
108,VISA 13 digit,Jerome Ellis,4784007695471077,910,03/35
109,American Express,Brooke Taylor,4319637017248680,790,01/31
110,VISA 16 digit,Christine Miller,676394439928,163,09/32
111,Mastercard,David Graham,4971960243940782,853,12/29
112,VISA 19 digit,Dr. Melanie Parker,347480566698144,480,10/27
113,Diners Club / Carte Blanche,Jaclyn Ryan,4078251960439816,763,06/32
114,JCB 15 digit,Ross Robinson DDS,4331160995784323,795,04/27
115,Maestro,Ashley Wright,503886254260,175,09/32
116,VISA 13 digit,Christopher Brown,3572838543622943,361,10/29
117,Diners Club / Carte Blanche,Becky Roman,2285710247506732,2504,09/28
118,JCB 16 digit,Jennifer Brown,180054105775711,338,12/33
119,VISA 16 digit,Crystal Williams,213116747175682,661,05/35
120,JCB 16 digit,Shannon Johnson,3546135021097604,377,01/33
121,Diners Club / Carte Blanche,Philip Palmer,4914804292526052,391,10/34
122,JCB 16 digit,Samantha Chan,378050255271115,535,07/28
123,Mastercard,Madeline Burton,213146696900772,661,10/33
124,VISA 16 digit,Joseph Castro,502000202395,624,12/34
125,JCB 16 digit,Patricia Johnson,379846918813030,251,10/30
126,Maestro,Paul Cochran,4495513400198681,764,05/27
127,VISA 19 digit,Brenda Mitchell,2720061743065366,972,10/34
128,VISA 16 digit,Brian Hicks,342393138034646,606,08/32
129,VISA 16 digit,Marco Martinez,4427038197638411,319,02/32
130,Mastercard,Pamela Crawford,4935055627411,818,10/33
131,VISA 16 digit,Taylor West,2557526726164327,583,07/30
132,JCB 16 digit,Lindsey Rodriguez,4784226349933692,879,12/29
133,Discover,Christopher Clark MD,4077628768379701,464,03/31
134,VISA 16 digit,Gregory Cole,2256124995318487,106,12/32
135,American Express,Robert Johnson,676395967869,081,03/34
136,JCB 15 digit,Dawn Griffin,4944685568284417,658,07/33
137,Maestro,Jacob Robinson,3532874601443152,997,02/26
138,Maestro,Melissa Woods,4205223065849,4119,05/31
139,Maestro,Aaron Colon,4018098012062804,781,08/28
140,Maestro,Alex Fischer,4376595227489869883,936,12/30
141,VISA 19 digit,Thomas Schmidt,30578318055620,905,09/34
142,JCB 16 digit,Amber Swanson,6548344241585874,810,11/32
143,VISA 16 digit,Emily Gomez,4516323269291,090,07/35
144,Discover,Tyrone Phelps,3522758807023615,358,06/27
145,VISA 13 digit,Laura Briggs,6011809978841854,643,06/32
146,Discover,Sherry Mendez,378284409259300,876,06/33
147,JCB 15 digit,Mark Butler,36611119969220,446,09/26
148,JCB 16 digit,Angela Steele,4264905714623371408,687,08/27
149,VISA 13 digit,Scott Russo,4142599619232,092,02/27
150,Discover,Debbie Oliver,213133837162470,573,05/34
151,JCB 16 digit,Daniel Green,060414017073,041,11/27
152,Mastercard,Michael Wood,3598029717439674,235,01/34
153,JCB 16 digit,Gary Shaw,4776575174890900,7771,04/32
154,VISA 13 digit,Edward Carter,3592920749953565,370,08/32
155,VISA 16 digit,Amanda Ortiz,4714040880491027,394,11/26
156,Discover,Tyler Coleman,4895079803929,083,06/27
157,Discover,Richard Warner,4900591325392836,185,10/35
158,American Express,Tina Diaz,3512853591330102,165,04/29
159,Diners Club / Carte Blanche,Brandon Phillips,30082918727381,610,10/32
160,American Express,Deborah Marquez,565915279725,993,01/30
161,JCB 15 digit,Dr. Jackson Huang,2288266873811927,310,06/28
162,Maestro,Margaret Jenkins,6521787355597294,428,02/34
163,JCB 16 digit,Donald Hamilton,675973155418,218,01/29
164,Diners Club / Carte Blanche,Mr. Louis Thomas,6011235372115408,363,04/27
165,JCB 15 digit,Kimberly Foster,4764424834456048,954,05/29
166,Mastercard,Travis Mcknight,4670591165717223,837,05/32
167,JCB 16 digit,Yvonne Hooper,3582534232995934,684,04/28
168,VISA 16 digit,Robert Morris,180003044346175,793,12/29
169,Discover,Yolanda Kaiser,3588896958161239,876,02/29
170,Mastercard,Melanie Silva,213117229641381,7128,11/26
171,VISA 16 digit,Anthony Hill,372628301694848,580,01/31
172,Mastercard,Mrs. Carrie Ross,3554010167525834,785,03/29
173,VISA 13 digit,Sarah Cortez,3578743265068156,811,03/32
174,Maestro,Joshua Hill,4334804769361,753,11/31
175,Discover,Joshua Bowman,343179226345427,166,06/34
176,VISA 16 digit,Michael Paul,213185780340362,472,07/32
177,Diners Club / Carte Blanche,Michelle Wilson,346594365642284,600,10/33
178,Diners Club / Carte Blanche,Edward Ballard,6011846438296261,044,08/26
179,Diners Club / Carte Blanche,Brittany West,340444687273051,585,08/31
180,American Express,Tina Baker,2254275329341843,887,04/32
181,Discover,Savannah Hill,3581921337984197,115,01/36
182,VISA 16 digit,David Valdez,345094734707646,934,08/28
183,Mastercard,Sean Frey,6550072573640158,984,08/28
184,Diners Club / Carte Blanche,Sean Davis,4793856069085262687,630,03/26
185,Diners Club / Carte Blanche,Kathy Silva,2592263040821328,609,04/33
186,American Express,Nicholas Clark,343160567052962,804,04/33
187,American Express,David Bryan,6011791160887293,636,07/30
188,VISA 19 digit,Andre Maxwell,2264875927998148,145,03/29
189,Discover,Taylor Buchanan,3506676971286620,903,12/33
190,Mastercard,Alyssa Smith,3534412182508214,425,10/30
191,JCB 16 digit,William Perez,30290374643436,975,07/28
192,VISA 16 digit,David Ruiz,6590762778942647,449,06/31
193,JCB 16 digit,Dominique Bass,4453739075676,479,08/35
194,Diners Club / Carte Blanche,Gregory Burke,3596587370919680,205,07/30
195,American Express,Richard Nelson,630401712314,780,09/31
196,VISA 13 digit,Judy Walsh,4496591605521869047,288,12/32
197,JCB 16 digit,Jason Green,30243447004557,114,09/35
198,Maestro,Mr. Henry Castro,639020779794,193,05/32
199,American Express,William Wood,3565248257625323,413,06/27